[
  {"id":1,"title":"Al-Fezzani Lantern","short":"Hand-forged brass lantern from Fezzan","price":120.00,"image":"images/al-fezzani by tariq elshebly.jpg","description":"A decorative brass lantern inspired by Fezzan craftsmanship, with a warm patina perfect for ambient lighting."},
  {"id":2,"title":"Al-Mahari Copper Bowl","short":"Engraved copper serving bowl","price":85.00,"image":"images/al-mahari by tariq elshebly.jpg","description":"A finely engraved copper bowl traditionally used for serving — a beautiful tabletop accent with historic character."},
  {"id":3,"title":"Al-Mulsam Ceramic Vase","short":"Glazed ceramic with traditional motifs","price":95.00,"image":"images/al-mulsam by tariq elshebly.jpg","description":"A glazed ceramic vase decorated with regional motifs; ideal for dried flowers or display on a shelf."},
  {"id":4,"title":"Atri Engraved Plate","short":"Hand-engraved decorative plate","price":60.00,"image":"images/Atri by tariq elshebly.jpg","description":"An ornate engraved plate attributed to the Atri style, suitable for wall display or tabletop decoration."},
  {"id":5,"title":"Omar al-Mokhtar Print","short":"Historical portrait print","price":180.00,"image":"images/omar elmokhtar by tariq elshebly.jpg","description":"A striking portrait print of Omar al-Mokhtar, a powerful historic image for collectors and history enthusiasts."},
  {"id":6,"title":"Sahara Tapestry","short":"Handwoven desert tapestry","price":240.00,"image":"images/Sahara by tariq elshebly.jpg","description":"A richly colored tapestry capturing Saharan patterns — excellent as a wall hanging or decorative throw."},
  {"id":7,"title":"Targa Painted Tile","short":"Hand-painted ceramic tile from Targa","price":75.00,"image":"images/Targa by tariq elshebly.jpg","description":"A hand-painted tile featuring Targa motifs; great individually or as part of a tile arrangement."},
  {"id":8,"title":"Targi Desert Print","short":"Vintage desert scene print","price":130.00,"image":"images/targi man in desert by tariq elshebly.jpg","description":"A vintage-style print depicting a man in the desert — atmospheric and full of regional charm."},
  {"id":9,"title":"Targi Warrior Print","short":"Figurative print of a Targi warrior","price":220.00,"image":"images/targi warrior on his camel by tariq elshebly.jpg","description":"A dramatic print portraying a Targi warrior; notable for its storytelling and decorative impact."},
  {"id":10,"title":"Muthalatham Leaf","short":"Antique manuscript fragment","price":400.00,"image":"images/the muthalatham by tariq elshebly.jpg","description":"A rare manuscript leaf with calligraphic detail — a unique piece for collectors of historical documents."},
  {"id":12,"title":"Bronze antique bowl","short":"bronze hand sculpture","price":110.00,"image":"images/mini_magick20260128-31102-g9qzqe.jpg","description":"A bronze bowl with intricate detailing, perfect for collectors of ancient art."},
  {"id":13,"title":"Bronze Antique Statue","short":"bronze hand sculpture","price":75.00,"image":"images/mini_magick20260128-31102-koeeym.jpg","description":"A bronze statue with intricate detailing, perfect for collectors of ancient art."},
  {"id":15,"title":"Bronze Antique Item","short":"bronze hand sculpture","price":90.00,"image":"images/mini_magick20260128-31102-lnanpm.jpg","description":"A bronze antique item with intricate detailing, perfect for collectors of ancient art."},
  {"id":16,"title":"wooden hand sculptured statue","short":"wooden hand sculptured statue","price":30.00,"image":"images/mini_magick20260128-31585-4g60u.jpg","description":"A wooden hand sculptured statue with intricate detailing, perfect for collectors of ancient art."},
  {"id":17,"title":"Carved Olivewood Figurine","short":"Hand-carved olivewood figurine","price":160.00,"image":"images/mini_magick20260128-31585-5uglbg.jpg","description":"A hand-carved olivewood figurine with a smooth finish and subtle tooling marks; ideal as a tabletop accent or collector's piece."},
  {"id":18,"title":"Porcelain Shell Dish","short":"Decorative porcelain shell dish","price":28.00,"image":"images/mini_magick20260128-31585-ehet06.jpg","description":"A small porcelain dish shaped like a shell, glazed with a soft ivory finish — perfect for jewelry or trinkets."},
  {"id":19,"title":"Brass Incense Burner","short":"Decorative brass incense burner","price":48.00,"image":"images/mini_magick20260128-31585-eilnyf.jpg","description":"A compact brass incense burner with pierced patterns for gentle smoke dispersion; adds warmth to any room."},
  {"id":20,"title":"Woven Leather Basket","short":"Hand-stitched woven leather basket","price":120.00,"image":"images/mini_magick20260128-31585-guw8rl.jpg","description":"A hand-stitched woven leather basket suitable for storage or as a decorative catch-all; the natural patina gives it character."},
  {"id":21,"title":"Inlaid Mosaic Ornament","short":"Small inlaid mosaic ornament","price":65.00,"image":"images/mini_magick20260128-31585-ji99ex.jpg","description":"A small ornament featuring colorful inlaid tiles arranged in a traditional mosaic pattern; great for shelves or gift-giving."},
  {"id":22,"title":"Terracotta Oil Lamp","short":"Hand-molded terracotta oil lamp","price":35.00,"image":"images/mini_magick20260128-31585-oaveq7.jpg","description":"A hand-molded terracotta oil lamp with a rustic finish — functional and decorative, echoing historic lighting forms."},
  {"id":23,"title":"Handpainted Trinket Box","short":"Miniature handpainted trinket box","price":70.00,"image":"images/mini_magick20260128-31585-rbai2v.jpg","description":"A small wooden trinket box handpainted with floral motifs and a lacquered finish; perfect for keepsakes and jewelry."},
  {"id":24,"title":"Antique Textile Fragment","short":"Framed antique textile fragment","price":150.00,"image":"images/mini_magick20260128-31585-t5g8fc.jpg","description":"A framed fragment of antique textile showing traditional weaving and natural dyes — a distinctive wall accent for collectors."},
  {"id":25,"title":"Stamped Metal Coaster Set","short":"Set of stamped metal coasters","price":40.00,"image":"images/mini_magick20260128-32454-4unz37.jpg","description":"A set of four stamped metal coasters with decorative motifs; durable and stylish for everyday use or entertaining."},
  {"id":26,"title":"Enamel Tea Caddy","short":"Enamelled vintage-style tea caddy","price":95.00,"image":"images/mini_magick20260128-32454-5c6fl1.jpg","description":"An enamelled tea caddy with a snug lid and decorative finish — keeps loose tea fresh while adding charm to the kitchen."},
  {"id":27,"title":"Reclaimed Wood Wall Hook","short":"Single reclaimed wood wall hook","price":55.00,"image":"images/mini_magick20260128-32454-5ngc6h.jpg","description":"A rustic wall hook crafted from reclaimed wood with a metal peg; practical for entryways and adds vintage character."},
  {"id":28,"title":"Silver Filigree Pendant","short":"Filigree silver pendant on cord","price":130.00,"image":"images/mini_magick20260128-32454-b0nszn.jpg","description":"A delicately crafted silver filigree pendant suspended on a simple cord; an elegant accessory with artisanal detail."},
  {"id":29,"title":"Stamped Copper Serving Spoon","short":"Hand-stamped copper serving spoon","price":85.00,"image":"images/mini_magick20260128-32454-coijya.jpg","description":"A large hand-stamped copper serving spoon with a warm patina; ideal for serving or display in a vintage kitchen."},
  {"id":30,"title":"Mini Ceramic Bowl","short":"Glazed miniature ceramic bowl","price":25.00,"image":"images/mini_magick20260128-32454-e7wymm.jpg","description":"A small glazed ceramic bowl, perfect for sauces, spices, or as a decorative accent on a shelf."},
  {"id":31,"title":"Gilded Frame Mirror","short":"Small gilded frame mirror","price":140.00,"image":"images/mini_magick20260128-32454-o5gdbx.jpg","description":"A small mirror set in a gilded frame with subtle ornamentation — perfect for dressing tables or wall groupings."},
  {"id":32,"title":"Targi Conversation Print","short":"Print of two Targi men in conversation","price":150.00,"image":"images/two targi men talking by tariq elshebly.jpg","description":"A vivid print showing two Targi men in conversation — full of regional character and storytelling."}
]